Название;Ссылка
Belinka Latex Интерьерная краска для стен и потолков, база B1;https://kraskivmoskve.ru/product/belinka-latex-interiernaya-kraska-dlya-sten-i-potolkov-baza-b1
Belinka Latex Интерьерная краска для стен и потолков, база B3;https://kraskivmoskve.ru/product/belinka-latex-interiernaya-kraska-dlya-sten-i-potolkov-baza-b3
Belinka Экстра белая краска для внутренних стен и потолков;https://kraskivmoskve.ru/product/belinka-ekstra-belaya-kraska-dlya-vnutrennih-sten-i-potolkov
Belinka моющаяся краска, база B1;https://kraskivmoskve.ru/product/belinka-moyuschayasya-kraska-baza-b1
Belinka моющаяся краска, база B3;https://kraskivmoskve.ru/product/belinka-moyuschayasya-kraska-baza-b3
Belinka краска для кухонь и ванных комнат;https://kraskivmoskve.ru/product/belinka-kraska-dlya-kuhon-i-vannyh-komnat
Marshall Краска повышенной влагостойкости для кухни и ванной;https://kraskivmoskve.ru/product/marshall-kraska-povyshennoy-vlagostoykosti-dlya-kuhni-i-vannoy
Marshall Export 7 Моющаяся матовая краска для внутренних работ.;https://kraskivmoskve.ru/product/marshall-export-7-moyuschayasya-matovaya-kraska-dlya-vnutrennih-rabot
Marshall Export 2 Водная глубокоматовая краска для потолка и стен.;https://kraskivmoskve.ru/product/marshall-export-2-vodnaya-glubokomatovaya-kraska-dlya-potolka-i-sten
Ленинградские Краски Оптимум для стен и потолков интерьерная;https://kraskivmoskve.ru/product/kraski-optimum-dlya-sten-i-potolkov-interiernaya
Tikkurila Joker / Тиккурила Джокер матовая, экологичная краска;https://kraskivmoskve.ru/product/tikkurila-joker-tikkurila-dzhoker-matovaya-ekologichnaya-kraska
Tikkurila Harmony / Тиккурила Гармония глубоко матовая краска для стен и потолков;https://kraskivmoskve.ru/product/tikkurila-harmony-tikkurila-garmoniya-gluboko-matovaya-kraska-dlya-sten-i-potolkov
Текс Профи для Интерьеров супербелая краска для стен и потолков;https://kraskivmoskve.ru/product/teks-profi-dlya-interierov-superbelaya-kraska-dlya-sten-i-potolkov
Текс Профи Влагостойкая супербелая краска интерьерная;https://kraskivmoskve.ru/product/teks-profi-vlagostoykaya-superbelaya-kraska-interiernaya
Текс Профи для Обоев супербелая краска интерьерная;https://kraskivmoskve.ru/product/teks-profi-dlya-oboev-superbelaya-kraska-interiernaya
Текс Профи для детских комнат и спален краска интерьерная;https://kraskivmoskve.ru/product/teks-profi-dlya-detskih-komnat-i-spalen-kraska-interiernaya
Текс Универсал Интерьерная краска для стен и потолков;https://kraskivmoskve.ru/product/teks-universal-interiernaya-kraska-dlya-sten-i-potolkov
Текс Профи моющаяся супербелая краска для стен и потолков;https://kraskivmoskve.ru/product/teks-profi-moyuschayasya-superbelaya-kraska-dlya-sten-i-potolkov
Текс Универсал Влагостойкая краска для стен и потолков;https://kraskivmoskve.ru/product/teks-universal-vlagostoykaya-kraska-dlya-sten-i-potolkov
Текс Универсал Моющаяся краска для стен и потолков;https://kraskivmoskve.ru/product/teks-universal-moyuschayasya-kraska-dlya-sten-i-potolkov
Finncolor Oasis Interior / Финнколор Оазис Интериор матовая краска для сухих помещений;https://kraskivmoskve.ru/product/finncolor-oasis-interior-finnkolor-oazis-interior-matovaya-kraska-dlya-suhih-pomescheniy
Finncolor Oasis Interior Plus / Финнколор Интериор Плюс краска для стен и потолков;https://kraskivmoskve.ru/product/finncolor-oasis-interior-plus-finnkolor-interior-plyus-kraska-dlya-sten-i-potolkov
Finncolor Oasis Hall&Office / Финнколор Холлы и Офисы моющаяся краска для стен и потолков;https://kraskivmoskve.ru/product/finncolor-oasis-halloffice-finnkolor-holly-i-ofisy-moyuschayasya-kraska-dlya-sten-i-potolkov
Finncolor Oasis Kitchen&Gallery / Финнколор Китчен энд Гэллери устойчивая к мытью матовая краска;https://kraskivmoskve.ru/product/finncolor-oasis-kitchengallery-finnkolor-ustoychivaya-k-mytyu-matovaya-kraska
Finncolor OASIS BATHROOM/Финнколор Оазис Басрум краска для ванных комнат;https://kraskivmoskve.ru/product/oasis-bathroom
Tikkurila Euro Matt 3 / Тиккурила Евро Мат 3 абсолютно матовая краска для стен и потолков;https://kraskivmoskve.ru/product/tikkurila-euro-matt-3-tikkurila-evro-mat-3-kraska-gluboko-matovaya-lateksnaya
Tikkurila Euro Smart 2 / Тиккурила Евро Смарт 2 глубокоматовая краска интерьерная;https://kraskivmoskve.ru/product/tikkurila-euro-smart-2-tikkurila-evro-2-glubokomatovaya-kraska-interiernaya
Tikkurila Euro Power 7 / Тиккурила Евро Пауэр 7 краска матовая моющаяся;https://kraskivmoskve.ru/product/tikkurila-euro-power-7-tikkurila-evro-7-kraska-matovaya-moyuschayasya
Tikkurila Euro Trend / Тиккурила Евро Тренд идеальная краска для обоев и стен;https://kraskivmoskve.ru/product/tikkurila-euro-trend-tikkurila-evro-trend-idealnaya-kraska-dlya-oboev-i-sten
Tikkurila Perfecta / Тиккурила Перфекта краска интерьерная, глубокоматовая;https://kraskivmoskve.ru/product/tikkurila-perfecta-tikkurila-perfekta-kraska-interiernaya-glubokomatovaya
Tikkurila Remontti Assa/Тиккурила Ремонтти Ясся моющаяся акрилатная краска для стен и потолков;https://kraskivmoskve.ru/product/remontti-yassya-remontti-assa
Tikkurila PROF EURO 2/Тиккурила Проф Евро 2 Грунтовочная интерьерная краска;https://kraskivmoskve.ru/product/prof-euro-2-gruntovochnaya-interiernaya-kraska
Tikkurila Prof Euro 7/Тиккурила Проф Евро 7 суперстойкая интерьерная краска;https://kraskivmoskve.ru/product/prof-euro-7-prof-evro-7
Tikkurila Prof Euro 3/Тиккурила Проф Евро 3 суперукрывистая моющаяся интерьерная краска;https://kraskivmoskve.ru/product/prof-euro-3-superukryvistaya-moyuschayasya-interiernaya-kraska
Tikkurila Lumi / Тиккурила Луми исключительно белая интерьерная краска;https://kraskivmoskve.ru/product/tikkurila-lumi-tikkurila-lumi-glubokomatovaya-snezhnobelaya-kraska
SYMPHONY EURO-Balance 7 - акрилатная матовая краска;https://kraskivmoskve.ru/product/symphony-euro-balance-7-akrilatnaya-matovaya-kraska
SYMPHONY EURO Balance 2 – акрилатная глубоко матовая краска СУПЕР-БЕЛАЯ;https://kraskivmoskve.ru/product/symphony-euro-balance-2-akrilatnaya-gluboko-matovaya-kraska-super-belaya
SYMPHONY CABINET ROYAL – латексная краска для сухих помещений;https://kraskivmoskve.ru/product/symphony-cabinet-royal-lateksnaya-kraska-dlya-suhih-pomescheniy
Decotech Eco/Декотек Эко Краска ИНТЕРЬЕРНАЯ;https://kraskivmoskve.ru/product/kraska-interiernaya
Decotech Eco/Декотек Эко Краска ИНТЕРЬЕРНАЯ ВЛАГОСТОЙКАЯ;https://kraskivmoskve.ru/product/kraska-interiernaya-vlagostoykaya
Decotech Eco/Декотек Эко Краска МОЮЩАЯСЯ;https://kraskivmoskve.ru/product/kraska-moyuschayasya
DecoTech/Декотек Краска ИНТЕРЬЕРНАЯ;https://kraskivmoskve.ru/product/kraska-interiernaya-decotech
DecoTech/Декотек Краска ВЛАГОСТОЙКАЯ;https://kraskivmoskve.ru/product/kraska-vlagostoykaya-decotech
DecoTech/Декотек Краска МОЮЩАЯСЯ;https://kraskivmoskve.ru/product/kraska-moyuschayasya-decotech
DecoTech MattLatex/Декотек Маттлатекс;https://kraskivmoskve.ru/product/kraska-mattlatex-decotech
JOHNSTONE'S ACRILYC DURABLE EGGSHELL/ДЖОНСТОУНС Акриловая матовая краска c легким блеском для внутренних работ;https://kraskivmoskve.ru/product/acrilyc-durable-eggshell-akrilovaya-matovaya-kraska-c-legkim-bleskom-dlya-vnutrennih-rabot
JOHNSTONE'S ACRYLIC DURABLE MATT/ДЖОНСТОУНС Акриловая высокопрочная краска для стен и потолков;https://kraskivmoskve.ru/product/acrylic-durable-matt-akrilovaya-vysokoprochnaya-kraska-dlya-sten-i-potolkov
JOHNSTONE'S VINYL SOFT SHEEN/ДЖОНСТОУНС Водоэмульсионная краска для внутренних работ;https://kraskivmoskve.ru/product/vinyl-soft-sheen-vodoemulsionnaya-kraska-dlya-vnutrennih-rabot
JOHNSTONE'S COVAPLUS VINYL MATT/ДЖОНСТОУНС Водоэмульсионная краска для внутренних работ;https://kraskivmoskve.ru/product/covaplus-vinyl-matt-vodoemulsionnaya-kraska-dlya-vnutrennih-rabot
TEKNOS TREND 7/Текнос Тренд 7 Водоразбавляемая акрилатная краска;https://kraskivmoskve.ru/product/vodorazbavlyaemaya-akrilatnaya-kraska-teknos-trend-7
TEKNOS BIORA 7/Текнос Биора 7 Акрилатная краска;https://kraskivmoskve.ru/product/akrilatnaya-kraska-teknos-biora-7
TEKNOS TREND 20/Текнос Тренд 20 Акрилатная краска для стен и потолков;https://kraskivmoskve.ru/product/akrilatnaya-kraska-dlya-sten-i-potolkov-teknos-trend-20
TEKNOS BIORA BALANCE/Текнос Биора Баланс Акрилатная краска для интерьеров;https://kraskivmoskve.ru/product/akrilatnaya-kraska-dlya-interierov-teknos-biora-balance
TEKNOS BIORA 20/Текнос Биора 20 Краска для стен и потолков;https://kraskivmoskve.ru/product/kraska-dlya-sten-i-potolkov-teknos-biora-20
TEKNOS TIMANTTI 20/Текнос Тиманти 20 Полуматовая влагостойкая краска;https://kraskivmoskve.ru/product/polumatovaya-vlagostoykaya-kraska-teknos-timantti-20
TEKNOS TIMANTTI 40/Текнос Тиманти 40 полуглянцевый специальный акрилат;https://kraskivmoskve.ru/product/timantti-40-poluglyantsevyy-spetsialnyy-akrilat
TEKNOS TIMANTTI CLEAN/Текнос Тиманти Клин Антимикробная краска;https://kraskivmoskve.ru/product/antimikrobnaya-kraska-teknos-timantti-clean
Dulux Bindo 3/Дулюкс Биндо 3 Глубокоматовая интерьерная краска;https://kraskivmoskve.ru/product/dulux-bindo-3-glubokomatovaya-interiernaya-kraska
Dulux Bindo 7/Дулюкс Биндо 7 Матовая интерьерная краска;https://kraskivmoskve.ru/product/dulux-bindo-7-matovaya-interiernaya-kraska
Dulux Vinyl Matt/Дулюкс Винил Мат Матовая интерьерная краска;https://kraskivmoskve.ru/product/dulux-vinyl-matt-matovaya-interiernaya-kraska
Dulux Bindo 20/Дулюкс Биндо 20 Полуматовая интерьерная краска;https://kraskivmoskve.ru/product/dulux-bindo-20-polumatovaya-interiernaya-kraska
Dulux Diamond Matt/Дулюкс Даймонд Матт Матовая износостойкая интерьерная краска;https://kraskivmoskve.ru/product/dulux-diamond-matt-matovaya-iznosostoykaya-interiernaya-kraska
Dulux 3D WHITE/Дулюкс 3Д Уайт Краска для потолков и стен;https://kraskivmoskve.ru/product/dulux-3d-white-kraska-dlya-potolkov-i-sten
Dulux Blindingly White/Дулюкс Блайдинли Уайт Совершенно-белая краска для интерьеров;https://kraskivmoskve.ru/product/dulux-blindingly-white-sovershenno-belaya-kraska-dlya-interierov
Dulux Easy/Дулюкс Изи Интерьерная водоэмульсионная краска для всех типов обоев;https://kraskivmoskve.ru/product/dulux-easy-interiernaya-vodoemulsionnaya-kraska-dlya-vseh-tipov-oboev
Alpina/Альпина Стильная Интерьерная глубокоматовая латексная краска;https://kraskivmoskve.ru/product/stilnaya-interiernaya-glubokomatovaya-lateksnaya-kraska
Alpina/Альпина Долговечная Интерьерная латексная интерьерная краска;https://kraskivmoskve.ru/product/dolgovechnaya-interiernaya-lateksnaya-interiernaya-kraska
Alpina/АльпинаЭкстрабелая Интерьерная латексная интерьерная краска;https://kraskivmoskve.ru/product/ekstrabelaya-lateksnaya-ekstrabelaya-interiernaya-kraska
Alpina Die Samtene fur Innen/ Альпина Бархатная Интерьерная латексная краска;https://kraskivmoskve.ru/product/barhatistaya-interiernaya-lateksnaya-kraska-ustoychivaya-k-mytyu
Alpina Die Edle fur Innen/Альпина Благородная Интерьерная латексная матовая краска;https://kraskivmoskve.ru/product/blagorodnaya-interiernaya-lateksnaya-matovaya-kraska
Dufa Retail ULTRAWEISS PLUS/Дюфа Ритейл Ультравайс Плюс водно-дисперсионная краска;https://kraskivmoskve.ru/product/vodno-dispersionnaya-kraska-dufa-retail-ultraweiss-plus
Dufa Retail EUROLATEX 7/Дюфа Ритейл Евролатекс 7 водно-дисперсионная краска;https://kraskivmoskve.ru/product/vodno-dispersionnaya-kraska-dufa-retail-eurolatex-7
Dufa Retail EUROLATEX 3/Дюфа Ритейл Евролатекс 3 водно-дисперсионная краска;https://kraskivmoskve.ru/product/vodno-dispersionnaya-kraska-dufa-retail-eurolatex-3
Dufa Premium VELOUR/Дюфа Премиум Велюр интерьерная краска с бархатистой текстурой;https://kraskivmoskve.ru/product/interiernaya-kraska-s-barhatistoy-teksturoy-dufa-premium-velour
Dufa Premium SATIN/Дюфа Премиум Сатин интерьерная краска с легким блеском;https://kraskivmoskve.ru/product/interiernaya-lateksnaya-kraska-s-legkim-bleskom-dufa-premium-satin
Dufa Retail INNENLATEX/Дюфа Ритейл Иненлатекс водно-дисперсионная краска;https://kraskivmoskve.ru/product/vodno-dispersionnaya-kraska-dufa-retail-innenlatex
Dufa Premium ARCTIC/Дюфа Премиум Арктик интерьерная ослепительно-белая краска;https://kraskivmoskve.ru/product/interiernaya-oslepitelno-belaya-kraska-dufa-premium-arctic
Dufa Wandfarbe RD 1a/Дюфа Вандфарбе РД 1а Интерьерная водная краска;https://kraskivmoskve.ru/product/dufa-wandfarbe-rd-1a-interiernaya-vodnaya-kraska
Dufa Superweiss RD 4/Дюфа Супервайс РД 4 Краска матовая супербелая универсальная;https://kraskivmoskve.ru/product/dufa-superweiss-rd-4-kraska-matovaya-superbelaya-universalnaya
Dufa Mattlatex RD 100/Дюфа Матлатекс РД 100 Краска латексная для стен;https://kraskivmoskve.ru/product/dufa-mattlatex-rd-100-kraska-lateksnaya-dlya-sten
Краска Sherwin-Williams ProMar 200 Interior Latex Flat Low Voc;https://kraskivmoskve.ru/product/kraska-sherwin-williams-promar-200-interior-latex-flat-low-voc
Краска Sherwin-Williams ProMar 200 EgShell Low Voc;https://kraskivmoskve.ru/product/kraska-sherwin-williams-promar-200-interior-latex-flat-low-voc-2
Гипоаллергеная краска Harmony Interior Acrylic Latex;https://kraskivmoskve.ru/product/gipoallergenaya-kraska-harmony-interior-acrylic-latex
Duration Home Interior Latex Matte LOW VOC;https://kraskivmoskve.ru/product/kraska-sherwin-williams-duration-home-interior-1l
Краска Emerald Flat LOW VOC;https://kraskivmoskve.ru/product/antivandalnaya-kraska-emerald-interior-acrylic-latex-paint
SYMPHONY EURO-LIFE - влагостойкая акрилатная латексная краска;https://kraskivmoskve.ru/product/symphony-euro-life-vlagostoykaya-akrilatnaya-lateksnaya-kraska
SYMPHONY EURO-Balance 12 - акрилатная полуматовая краска;https://kraskivmoskve.ru/product/symphony-euro-balance-12-akrilatnaya-polumatovaya-kraska
SYMPHONY Аqua Marina – акриловая краска для влажных помещений;https://kraskivmoskve.ru/product/symphony-aqua-marina-akrilovaya-kraska-dlya-vlazhnyh-pomescheniy
SYMPHONY EURO-Balance Faсade Aqua водоразбавляемая акриловая щелочестойкая краска;https://kraskivmoskve.ru/product/symphony-euro-balance-fasade-aqua-vodorazbavlyaemaya-akrilovaya-schelochestoykaya-kraska
TEKNOS TREND 3/Текнос Тренд 3 Матовая акрилатная краска;https://kraskivmoskve.ru/product/matovaya-akrilatnaya-kraska-teknos-trend-3
TEKNOS TIMANTTI 3/Текнос Тиманти 3 Износостойкая акрилатная краска;https://kraskivmoskve.ru/product/iznosostoykaya-akrilatnaya-kraska-teknos-timantti-3
TEKNOS BIORA 3/Текнос Биора 3 Акрилатная матовая краска;https://kraskivmoskve.ru/product/akrilatnaya-matovaya-kraska-teknos-biora-3
Dulux Ultra Resist/Дулюкс Кухня и Ванная ультрастойкая краска для влажных помещений;https://kraskivmoskve.ru/product/dulux-kuhnya-i-vannaya-ultrastoykaya-kraska-dlya-vlazhnyh-pomescheniy
Dulux Ultra Resist/Дулюкс Ультра Резист Для Детской матовая износостойкая краска для детских комнат;https://kraskivmoskve.ru/product/dulux-dlya-detskoy-matovaya-iznosostoykaya-kraska-dlya-detskih-komnat
Alpina/Альпина Надежная Интерьерная латексная износостойкая краска;https://kraskivmoskve.ru/product/nadezhnaya-interiernaya-lateksnaya-iznosostoykaya-kraska
Текс Профи краска для ванных и кухонь;https://kraskivmoskve.ru/product/teks-profi-kraska-dlya-vannyh-i-kuhon
Decotech Eco/Декотек Эко Краска Для ВАННОЙ и КУХНИ;https://kraskivmoskve.ru/product/kraska-dlya-vannoy-i-kuhni
JOHNSTONE'S VINYL SILK/ДЖОНСТОУНС Водоэмульсионная полуматовая краска для стен и потолков;https://kraskivmoskve.ru/product/vinyl-silk-vodoemulsionnaya-polumatovaya-kraska-dlya-sten-i-potolkov
Marshall Maestro Интерьерная Классика Водная глубокоматовая интерьерная краска.;https://kraskivmoskve.ru/product/marshall-maestro-interiernaya-klassika-vodnaya-glubokomatovaya-interiernaya-kraska
Marshall Maestro Интерьерная Фантазия Глубокоматовая интерьерная краска;https://kraskivmoskve.ru/product/marshall-maestro-interiernaya-fantaziya-glubokomatovaya-interiernaya-kraska
Tikkurila Euro Extra 20 / Тиккурила Евро Экстра 20 полуматовая краска для влажных помещений;https://kraskivmoskve.ru/product/tikkurila-euro-extra-20-tikkurila-evro-ekstra-20-polumatovaya-kraska-dlya-vlazhnyh-pomescheniy
Tikkurila Luja 20 / Тиккурила Луя 20 полуматовая, влагостойкая краска;https://kraskivmoskve.ru/product/tikkurila-luja-20-tikkurila-luya-20-polumatovaya-vlagostoykaya-kraska
Tikkurila Luja 7 / Тиккурила Луя 7 матовая краска для влажных помещений;https://kraskivmoskve.ru/product/tikkurila-luja-7-tikkurila-luya-7-matovaya-kraska-dlya-vlazhnyh-pomescheniy
Tikkurila Luja 40 / Тиккурила Луя 40 полуглянцевая краска влагостойкая;https://kraskivmoskve.ru/product/tikkurila-luja-40-tikkurila-luya-40-poluglyantsevaya-kraska-vlagostoykaya
Tikkurila Prof Euro 20/Тиккурила Проф Евро 20 экстра стойкая к мытью интерьерная краска для влажных помещений;https://kraskivmoskve.ru/product/prof-euro-20-ekstra-stoykaya-k-mytyu-interiernaya-kraska-dlya-vlazhnyh-pomescheniy
DALI  Краска интерьерная;https://kraskivmoskve.ru/product/dali-kraska-interiernaya
DALI Краска для кухни и ванной;https://kraskivmoskve.ru/product/dali-kraska-dlya-potolkov
DALI PROFESSIONAL 3;https://kraskivmoskve.ru/product/dali-kraska-dlya-kuhni-i-vannoy
DALI PROFESSIONAL 7;https://kraskivmoskve.ru/product/dali-professional-3
DALI  PROFESSIONAL 20;https://kraskivmoskve.ru/product/dali-professional-7
DALI Краска для обоев;https://kraskivmoskve.ru/product/dali-professional-20
ЭКОДОМ Водоэмульсионная краска для стен и потолков;https://kraskivmoskve.ru/product/ekodom-vodoemulsionnaya-superbelaya-kraska-3
ЭКОДОМ Водоэмульсионная белая краска для стен и потолка;https://kraskivmoskve.ru/product/ekodom-vodoemulsionnaya-belaya-kraska
Краска Sherwin-Williams SuperPaint Interior Latex Flat;https://kraskivmoskve.ru/product/kraska-sherwin-williams-superpaint-interior-latex-flat-1l
Краска Sherwin-Williams Eminence Low Voc interior latex;https://kraskivmoskve.ru/product/kraska-sherwin-williams-eminence-low-voc-interior-latex
Alpina Expert / Альпина Эксперт Матлатекс краска интерьерная для стен и потолков;https://kraskivmoskve.ru/product/alpina-expert-alpina-ekspert-matlateks-kraska-interiernaya-dlya-sten-i-potolkov
Alpina / Альпина Кухня и Ванная краска для влажных помещений;https://kraskivmoskve.ru/product/alpina-alpina-kuhnya-i-vannaya-kraska-dlya-vlazhnyh-pomescheniy
"Краска для стен и потолков моющаяся ""Главный Технолог""";https://kraskivmoskve.ru/product/novbythim-glavnyy-tehnolog-kraska-dlya-sten-i-potolkov-moyuschayasya
Главный Технолог Краска для стен и потолков интерьерная;https://kraskivmoskve.ru/product/glavnyy-tehnolog-kraska-dlya-sten-i-potolkov-interiernaya
Главный Технолог Резиновая краска;https://kraskivmoskve.ru/product/glavnyy-tehnolog-rezinovaya-kraska
Латек Краска интерьерная моющаяся акриловая супербелая Л204;https://kraskivmoskve.ru/product/latek-kraska-interiernaya-moyuschayasya-akrilovaya-superbelaya-l204
Латек Краска влагостойкая для внутренних работ Л202;https://kraskivmoskve.ru/product/latek-kraska-vlagostoykaya-dlya-vnutrennih-rabot-l202
Латек Краска для стен и потолков для внутренних работ Л201;https://kraskivmoskve.ru/product/latek-kraska-dlya-sten-i-potolkov-dlya-vnutrennih-rabot-l201
Латек Краска фасадная DISCOUNT белая для наружных и внутренних работ Л311;https://kraskivmoskve.ru/product/latek-kraska-fasadnaya-discount-belaya-dlya-naruzhnyh-i-vnutrennih-rabot-l311
Латек Краска фасадная супербелая для наружных и внутренних работ Л301;https://kraskivmoskve.ru/product/latek-kraska-fasadnaya-superbelaya-dlya-naruzhnyh-i-vnutrennih-rabot-l301
Rauf Краска интерьерная супербелая матовая латексная;https://kraskivmoskve.ru/product/rauf-kraska-interiernaya-superbelaya-matovaya-lateksnaya
Rauf Краска интерьерная моющаяся база С, матовая латексная;https://kraskivmoskve.ru/product/rauf-kraska-interiernaya-moyuschayasya-baza-s-matovaya-lateksnaya
Rauf Краска интерьерная моющаяся супербелая матовая латексная;https://kraskivmoskve.ru/product/rauf-kraska-interiernaya-moyuschayasya-superbelaya-matovaya-lateksnaya
Rauf Краска фасадная база C матовая белая латексная;https://kraskivmoskve.ru/product/rauf-kraska-fasadnaya-baza-c-matovaya-belaya-lateksnaya
Rauf Краска фасадная супербелая матовая латексная;https://kraskivmoskve.ru/product/rauf-kraska-fasadnaya-superbelaya-matovaya-lateksnaya
Оптимист Краска интерьерная влагостойкая супербелая матовая в/д W204;https://kraskivmoskve.ru/product/optimist-kraska-interiernaya-vlagostoykaya-superbelaya-matovaya-vd-w204
Оптимист Краска интерьерная водно-дисперсионная моющаяся супербелая матовая W206;https://kraskivmoskve.ru/product/optimist-kraska-interiernaya-vodno-dispersionnaya-moyuschayasya-superbelaya-matovaya-w206
Оптимист Краска для внутренних работ водно-дисперсионная белоснежная матовая W209;https://kraskivmoskve.ru/product/optimist-kraska-dlya-vnutrennih-rabot-vodno-dispersionnaya-belosnezhnaya-matovaya-w209
VGT КРАСКА ИНТЕРЬЕРНАЯ МОЮЩАЯСЯ ВД-АК-1180;https://kraskivmoskve.ru/product/vgt-kraska-interiernaya-moyuschayasya-vd-ak-1180
VGT КРАСКА АКРИЛОВАЯ ДЛЯ СТЕН «СУПЕРБЕЛАЯ» ВД-АК-2180;https://kraskivmoskve.ru/product/vgt-kraska-akrilovaya-dlya-sten-superbelaya-vd-ak-2180
VGT КРАСКА ИНТЕРЬЕРНАЯ МОЮЩАЯСЯ «СУПЕРБЕЛАЯ» ВД-АК-1180;https://kraskivmoskve.ru/product/vgt-kraska-interiernaya-moyuschayasya-superbelaya-vd-ak-1180
VGT КРАСКА ДЛЯ НАРУЖНЫХ И ВНУТРЕННИХ РАБОТ «БЕЛОСНЕЖНАЯ» ВД-АК-1180;https://kraskivmoskve.ru/product/vgt-kraska-dlya-naruzhnyh-i-vnutrennih-rabot-belosnezhnaya-vd-ak-1180
VGT КРАСКА АКРИЛОВАЯ ДЛЯ ОФИСОВ И ГОСТИНЫХ IQ137 С ШЕЛКОВИСТЫМ БЛЕСКОМ;https://kraskivmoskve.ru/product/vgt-kraska-akrilovaya-dlya-ofisov-i-gostinyh-iq137-s-shelkovistym-bleskom
VGT КРАСКА АКРИЛОВАЯ ДЛЯ СТЕН «БЕЛОСНЕЖНАЯ» ВД-АК-2180;https://kraskivmoskve.ru/product/vgt-kraska-akrilovaya-dlya-sten-belosnezhnaya-vd-ak-2180
VGT КРАСКА МОЮЩАЯСЯ ДЛЯ СТЕН И ОБОЕВ IQ123;https://kraskivmoskve.ru/product/vgt-kraska-moyuschayasya-dlya-sten-i-oboev-iq123
VGT КРАСКА ДЛЯ ПОТОЛКОВ И СТЕН СИЯЮЩАЯ БЕЛИЗНА IQ103;https://kraskivmoskve.ru/product/vgt-kraska-dlya-potolkov-i-sten-siyayuschaya-belizna-iq103
VGT КРАСКА ДЛЯ ДЕТСКИХ КОМНАТ IQ129;https://kraskivmoskve.ru/product/vgt-kraska-dlya-detskih-komnat-iq129
Оптимист Краска для внутренних работ водно-дисперсионная белая матовая W202;https://kraskivmoskve.ru/product/optimist-kraska-dlya-vnutrennih-rabot-vodno-dispersionnaya-belaya-matovaya-w202
Оптимист Краска интерьерная водно-дисперсионная моющаяся супербелая шелковисто-матовая W207;https://kraskivmoskve.ru/product/optimist-kraska-interiernaya-vodno-dispersionnaya-moyuschayasya-superbelaya-shelkovisto-matovaya-w207
Оптимист Краска «Акриша» для детских помещений супербелая матовая W208;https://kraskivmoskve.ru/product/optimist-kraska-akrisha-dlya-detskih-pomescheniy-superbelaya-matovaya-w208
Оптимист Краска по гипсокартону W211;https://kraskivmoskve.ru/product/optimist-kraska-po-gipsokartonu-w211
Оптимист Краска фасадная водно-дисперсионная белоснежная матовая F311;https://kraskivmoskve.ru/product/optimist-kraska-fasadnaya-vodno-dispersionnaya-belosnezhnaya-matovaya-f311
Оптимист Краска фасадная водно-дисперсионная матовая F301;https://kraskivmoskve.ru/product/optimist-kraska-fasadnaya-vodno-dispersionnaya-matovaya-f301
Оптимист Краска фасадная «Шторм» водно-дисперсионная белая матовая F309;https://kraskivmoskve.ru/product/optimist-kraska-fasadnaya-shtorm-vodno-dispersionnaya-belaya-matovaya-f309
Оптимист Краска по кирпичу для наружных и внутренних работ F312;https://kraskivmoskve.ru/product/optimist-kraska-po-kirpichu-dlya-naruzhnyh-i-vnutrennih-rabot-f312
Оптимист Краска для обоев водно-дисперсионная моющаяся супербелая матовая W205;https://kraskivmoskve.ru/product/optimist-kraska-dlya-oboev-vodno-dispersionnaya-moyuschayasya-superbelaya-matovaya-w205
Optimist-Elite Краска супербелая полуглянцевая для наружных и внутренних работ D717;https://kraskivmoskve.ru/product/optimist-elite-kraska-superbelaya-poluglyantsevaya-dlya-naruzhnyh-i-vnutrennih-rabot-d717
Optimist-Elite Краска интерьерная моющаяся акриловая шелковисто-матовая супербелая D716;https://kraskivmoskve.ru/product/optimist-elite-kraski-dlya-interiernyh-rabot-d716
Optimist-Elite Краска интерьерная моющаяся акриловая матовая супербелая D715;https://kraskivmoskve.ru/product/optimist-elite-kraska-interiernaya-moyuschayasya-akrilovaya-matovaya-superbelaya-d715
Dufa Superweiss D 4/Дюфа Супервайс Д 4 Краска матовая супербелая универсальная;https://kraskivmoskve.ru/product/dufa-superweiss-rd-4dyufa-supervays-rd-4-kraska-matovaya-superbelaya-universalnaya
Dufa SCHIMMELSCHUTZ/Дюфа Шиммельсчутц Водно-дисперсионная краска;https://kraskivmoskve.ru/product/dufa-schimmelschutzdyufa-shimmelschutts-vodno-dispersionnaya-kraska
Dufa Premium EUROPLAST 3/Дюфа Премиум Европласт 3 Водно-дисперсионная краска;https://kraskivmoskve.ru/product/dufa-premium-europlast-3dyufa-premium-evroplast-3-vodno-dispersionnaya-kraska
Dufa Premium EUROPLAST 7/Дюфа Премиум Европласт 7 Водно-дисперсионная краска;https://kraskivmoskve.ru/product/dufa-premium-europlast-7dyufa-premium-evroplast-7-vodno-dispersionnaya-kraska
Profilux PL-04/Профилюкс PL- 04А ВД краска  акриловая ДЛЯ СТЕН И ПОТОЛКОВ;https://kraskivmoskve.ru/product/profilux-pl-04profilyuks-pl-04a-vd-kraska-akrilovaya-dlya-sten-i-potolkov
Profilux PL- 07А /Профилюкс PL- 07А ВД краска акриловая ИНТЕРЬЕРНАЯ;https://kraskivmoskve.ru/product/profilux-pl-07a-profilyuks-pl-07a-vd-kraska-akrilovaya-interiernaya
Profilux SUPERPRICE/Профилюкс Суперпрайс ВД краска ИНТЕРЬЕРНАЯ;https://kraskivmoskve.ru/product/profilux-superpriceprofilyuks-superprays-vd-kraska-interiernaya
Profilux Professional EXTRA WHITE/Профилюкс Профессионал Экстра Уайт ослепительно белая;https://kraskivmoskve.ru/product/profilux-professional-extra-whiteprofilyuks-professional-ekstra-uayt-oslepitelno-belaya
Profilux Professional INTERIOR/Профилюкс Профессионал Интериор влагостойкая;https://kraskivmoskve.ru/product/profilux-professional-interiorprofilyuks-professional-interior-vlagostoykaya
Profilux PL-13L/Профилюкс PL-13L ВД краска моющаяся латексная ИНТЕРЬЕРНАЯ;https://kraskivmoskve.ru/product/profilux-pl-13lprofilyuks-pl-13l-vd-kraska-moyuschayasya-lateksnaya-interiernaya
Profilux Professional INTERIOR/Профилюкс Профессионал Интериор моющаяся износостойкая;https://kraskivmoskve.ru/product/profilux-professional-interiorprofilyuks-professional-interior-moyuschayasya-iznosostoykaya
Profilux PL-10L/Профилюкс PL- 10L ВД краска влагостойкая латексная ИНТЕРЬЕРНАЯ;https://kraskivmoskve.ru/product/profilux-pl-10lprofilyuks-pl-10l-vd-kraska-vlagostoykaya-lateksnaya-interiernaya
Profilux SUPERPRICE/Профилюкс Суперпрайс ВД краска ДЛЯ СТЕН И ПОТОЛКОВ;https://kraskivmoskve.ru/product/profilux-superpriceprofilyuks-superprays-vd-kraska-dlya-sten-i-potolkov
Dufa Retail Superweiss Plus/Дюфа Ритейл Супервайс Плюс акриловая глубокоматовая краска;https://kraskivmoskve.ru/product/dufa-superweiss-plusdyufa-supervays-plyus-akrilovaya-glubokomatovaya-kraska
Dufa Retail Mattlatex Plus/Дюфа Ритейл Матлатекс Плюс матовая латексная краска;https://kraskivmoskve.ru/product/dufa-retail-mattlatex-plusdyufa-riteyl-matlateks-plyus-matovaya-lateksnaya-kraska
Tikkurila Siro Himmea / Тиккурила Сирохимия Сиромат глубоко матовая краска интерьерная;https://kraskivmoskve.ru/product/tikkurila-siro-himmea-tikkurila-sirohimiya-siromat-gluboko-matovaya-kraska-interiernaya
Tikkurila Duett/Тиккурила Дуэт глубокоматовая интерьерная краска;https://kraskivmoskve.ru/product/tikkurila-duetttikkurila-duet-glubokomatovaya-interiernaya-kraska
Tikkurila Argentum 20/Тиккурила Аргентум 20 антимикробная водоразбавляемая краска;https://kraskivmoskve.ru/product/tikkurila-argentum-20tikkurila-argentum-20-antimikrobnaya-vodorazbavlyaemaya-kraska
Tikkurila Facade Acrylate/Тиккурила Фасад Акрилат универсальная акрилатная краска для фасадов и интерьеров;https://kraskivmoskve.ru/product/tikkurila-facade-acrylatetikkurila-fasad-akrilat-universalnaya-akrilatnaya-kraska-dlya-fasadov-i-interierov
Текс Стройтекс краска для потолков;https://kraskivmoskve.ru/product/teks-stroyteks-kraska-dlya-potolkov
Текс Стройтекс краска для влажных помещений;https://kraskivmoskve.ru/product/teks-stroyteks-kraska-dlya-vlazhnyh-pomescheniy
Текс Стройтекс краска для стен и потолков;https://kraskivmoskve.ru/product/teks-stroyteks-kraska-dlya-sten-i-potolkov
Ceresit CT 42/Церезит ЦТ 42 акриловая краска;https://kraskivmoskve.ru/product/ceresit-ct-42tserezit-tst-42-akrilovaya-kraska
Ceresit CT 48/Церезит ЦТ 48 силиконовая краска;https://kraskivmoskve.ru/product/ceresit-ct-48tserezit-tst-48-silikonovaya-kraska
Ceresit CT 54/Церезит ЦТ 54 силикатная краска;https://kraskivmoskve.ru/product/ceresit-ct-54tserezit-tst-54-silikatnaya-kraska
Isomat Epoxycoat/Изомат Эпоксикоат двухкомпонентное эпоксидное защитное и декоративное покрытие;https://kraskivmoskve.ru/product/isomat-epoxycoatizomat-epoksikoat-dvuhkomponentnoe-epoksidnoe-zaschitnoe-i-dekorativnoe-pokrytie
Terraco Terramatt Lite/Террако Терраматт Лайт акриловая краска бюджетного уровня для внутренних стен;https://kraskivmoskve.ru/product/terraco-terramatt-liteterrako-terramatt-layt-akrilovaya-kraska-byudzhetnogo-urovnya-dlya-vnutrennih-sten
Terraco Terratop/Террако Терратоп акриловая краска премиального уровня с повышенной устойчивостью к загрязнениям;https://kraskivmoskve.ru/product/terraco-terratopterrako-terratop-akrilovaya-kraska-premialnogo-urovnya-s-povyshennoy-ustoychivostyu-k-zagryazneniyam
Terraco Terralast/Террако Терраласт высококачественная акриловая краска для внутренних работ;https://kraskivmoskve.ru/product/terraco-terralastterrako-terralast-vysokokachestvennaya-akrilovaya-kraska-dlya-vnutrennih-rabot
TEKNOS PANEELISEINAMAALI/ТЕКНОС ПАНЕЛИЗЕЙНАМААЛИ Краска для панельных стен;https://kraskivmoskve.ru/product/teknos-paneeliseinamaaliteknos-panelizynamaali-kraska-dlya-panelnyh-sten
TEKNOS SUPERLATEKSI/ТЕКНОС СУПЕРЛАТЕКСИ Матовая, дисперсионная краска;https://kraskivmoskve.ru/product/teknos-superlateksiteknos-superlateksi-matovaya-dispersionnaya-kraska
TEKNOS TEKNOSPRO 10/ТЕКНОС ТЕКНОСПРО 10 Краска для стен;https://kraskivmoskve.ru/product/teknos-teknospro-10teknos-teknospro-10-kraska-dlya-sten
TEKNOS TIMANTTI 7/ТЕКНОС ТИМАНТИ 7 Водоразбавляемая дисперсионная акрилатная краска для стен и потолков;https://kraskivmoskve.ru/product/teknos-timantti-7teknos-timanti-7-vodorazbavlyaemaya-dispersionnaya-akrilatnaya-kraska-dlya-sten-i-potolkov
TEKNOS TIMANTTI STOP/ТЕКНОС ТИМАНТИ СТОП  Алкидная водоразбавляемая краска для использования в помещении;https://kraskivmoskve.ru/product/teknos-timantti-stopteknos-timanti-stop-matovaya-kraska-dlya-vnutrennih-rabot
Dryfall Commercial and Industrial Waterborne Coating Краска интерьерная быстросохнущая для стен и потолка;https://kraskivmoskve.ru/product/dryfall-commercial-and-industrial-waterborne-coating-kraska-interiernaya-bystrosohnuschaya-dlya-sten-i-potolka
Modern Canvas Дизайнерская краска для внутренних работ;https://kraskivmoskve.ru/product/modern-canvas-dizaynerskaya-kraska-dlya-vnutrennih-rabot
